{"nodes":{"node:1":{"location":{"x":-460,"y":-451}},"node:11":{"location":{"x":-796,"y":-22}},"node:15":{"location":{"x":-92,"y":-102}},"node:18":{"location":{"x":-796,"y":138}},"node:21":{"location":{"x":-604,"y":138}},"node:24":{"location":{"x":-380,"y":138}},"node:3":{"location":{"x":-460,"y":-310}},"node:7":{"location":{"x":-604,"y":-182}}},"selection":["node:15"],"view":{"scroll":{"x":-877.6798095703125,"y":-502.1678466796875},"visible_rect":{"max":{"x":127.3201904296875,"y":377.8321533203125},"min":{"x":-877.6798095703125,"y":-502.1678466796875}},"zoom":1}}